lineage_ID,source_cell_ID,target_cell_ID,DISPLACEMENT,SPEED,link_z,LINK_COST,DIRECTIONAL_CHANGE_RATE,EDGE_TIME,link_x,SPOT_TARGET_ID,link_y,SPOT_SOURCE_ID
0,9216,9290,0.43766701050978823,0.08753340210195765,0.0,0.39790014431917675,0.5567997426620963,92.5,15.77647350663074,9290.0,18.700692441696226,9216.0
0,9062,9051,0.32608303081666795,0.06521660616333359,0.0,0.5565438105133995,0.30204094613748134,52.5,16.867171098415724,9051.0,17.065684749491684,9062.0
0,9064,9052,0.31245678565422397,0.06249135713084479,0.0,0.5263772554091115,0.3870276280229774,52.5,16.8868824795124,9052.0,18.09478336899743,9064.0
0,9065,9053,0.2955683705393938,0.05911367410787875,0.0,0.5744260433621005,0.10274715191900116,52.5,13.29424444460342,9053.0,17.840100823207138,9065.0
0,9067,9055,0.5961094194820697,0.11922188389641394,0.0,0.46038526891228637,0.049335396182387234,52.5,12.35043289411444,9055.0,19.726640016926822,9067.0
0,9080,9118,0.10680496927248388,0.021360993854496777,0.0,0.3077096486874076,0.5065529411174656,67.5,12.832591210617458,9118.0,19.597305087856373,9080.0
0,9081,9119,0.6854423330175196,0.1370884666035039,0.0,0.4233413059168557,0.018884264090135248,67.5,14.826995788729523,9119.0,16.897955042733535,9081.0
0,9082,9120,0.5584404301278809,0.11168808602557619,0.0,0.4022716044220762,0.086153571937944,67.5,16.26000251989882,9120.0,17.302011061853943,9082.0
0,9084,9122,0.38862181803929385,0.07772436360785877,0.0,0.3108067050692749,0.035587788867344136,67.5,16.072278020522607,9122.0,18.468484032605392,9084.0
0,9086,9127,0.7973760974752049,0.15947521949504098,0.0,0.3211232685667441,0.03447305185513768,67.5,9.305909997715602,9127.0,22.399216005443748,9086.0
0,9090,9136,1.2119665716169437,0.24239331432338873,0.0,0.5408801011772681,0.11068716494747541,67.5,19.474636437575338,9136.0,16.027593978280173,9090.0
0,9091,9138,1.3121969117684142,0.26243938235368286,0.0,0.4990070736155301,0.057900622102690626,67.5,20.208018667013928,9138.0,16.71628016224005,9091.0
0,9095,9143,0.07587140848979383,0.015174281697958767,0.0,0.3146500214315856,0.21591862624585553,67.5,11.650929225246347,9143.0,19.47037994511166,9095.0
0,9096,9084,0.1981169322970314,0.03962338645940628,0.0,0.33084370870816415,0.5788946444145825,62.5,15.85873877263432,9084.0,18.66813058638881,9096.0
0,9102,9090,0.2138816519383077,0.042776330387661536,0.0,0.41484671543641805,0.018580219334750896,62.5,18.904882477502962,9090.0,16.4329255674743,9102.0
0,9103,9091,0.6178397096206286,0.12356794192412572,0.0,0.47708207434215955,0.031291383903520854,62.5,19.419533458031907,9091.0,17.25728159268555,9103.0
0,9055,9108,0.7707860813912635,0.15415721627825268,0.0,0.6963594325695541,0.18653020667796766,57.5,11.944159577550138,9108.0,20.18398227187422,9055.0
0,9104,9082,0.20893495050838062,0.04178699010167612,0.0,0.3574290321794822,0.5395180280363667,62.5,15.99742759472499,9082.0,17.572087214116173,9104.0
0,9053,9106,0.4447471139699991,0.08894942279399982,0.0,0.609442028309257,0.40807337883385253,57.5,13.183044997023902,9106.0,18.0109321533547,9053.0
0,9052,9096,1.3770030965166162,0.27540061930332327,0.0,0.7181983130047734,0.4728892760920288,57.5,16.35415889825858,9096.0,18.34233026594199,9052.0
0,9014,8986,0.4147616653881,0.08295233307762,0.0,0.5549246400605139,0.1091234198822737,7.5,14.09533897739585,8986.0,19.380694933481582,9014.0
0,9019,9123,1.7815077271519295,0.3563015454303859,0.0,0.5603701495241152,0.1004599709435895,32.5,15.058538666387678,9123.0,17.62677280545609,9019.0
0,9019,9121,1.3156562350540995,0.2631312470108199,0.0,0.6109693543534623,0.5174630646486578,32.5,16.557225002622964,9121.0,17.23887758414608,9019.0
0,9020,9124,1.2669592358395678,0.2533918471679136,0.0,0.5124986085448946,0.04263215960555779,32.5,15.989924238905832,9124.0,18.40084232382636,9020.0
0,9020,9126,2.0115436940203457,0.40230873880406914,0.0,0.5977777463622577,0.5833570495274205,32.5,14.389950427622669,9126.0,18.75741313884465,9020.0
0,9027,9062,0.06485666507607979,0.012971333015215959,0.0,0.2344978232349214,0.14445638507535613,47.5,16.85734879746503,9062.0,17.233547724550625,9027.0
0,9028,9065,0.29009683517288193,0.058019367034576386,0.0,0.37183309373315465,0.08684833922163251,47.5,13.576345702957727,9065.0,17.86531400051595,9028.0
0,9029,9064,0.16033903768831123,0.032067807537662245,0.0,0.22357338242791036,0.00880161367814992,47.5,16.938965277199372,9064.0,18.233332431617406,9029.0
0,9031,9067,0.6841896592304854,0.13683793184609708,0.0,0.4754789571014123,0.0381404227512883,47.5,12.923659650819587,9067.0,19.452724854489162,9031.0
0,9040,9027,0.4423644800967317,0.08847289601934634,0.0,0.2800628986830923,0.523118524788534,42.5,17.091095953196437,9027.0,17.15545422402961,9040.0
0,9041,9028,0.2819601396337469,0.056392027926749376,0.0,0.5388136840903067,0.13188431188114952,42.5,13.855392217473637,9028.0,17.877544282146197,9041.0
0,9042,9029,0.06985435851773358,0.013970871703546717,0.0,0.30263036452909053,0.6046310135841696,42.5,17.0515903759754,9029.0,18.20972279497142,9042.0
0,9043,9031,0.3052276626689341,0.06104553253378682,0.0,0.47655007429590823,0.3297779410858803,42.5,13.355688708874732,9031.0,19.215670808010664,9043.0
0,9051,9104,1.2204517111261557,0.24409034222523113,0.0,0.754973852990947,0.4986258599991057,57.5,16.42960755850506,9104.0,17.286825529670374,9051.0
0,9051,9102,1.946213779046968,0.3892427558093936,0.0,0.7564303220458943,0.2160707430599786,57.5,17.853459279083623,9102.0,16.67810882093149,9051.0
0,9052,9103,2.292015461378729,0.4584030922757458,0.0,0.7644050517121983,0.23039759495217157,57.5,18.02449225437693,9103.0,17.659805999586876,9052.0
0,9013,8989,0.19411217855557614,0.038822435711115225,0.0,0.47423120431017884,0.240207933326621,7.5,16.803637240275854,8989.0,18.122259587647974,9013.0
0,9106,9095,1.9739397981520492,0.39478795963040986,0.0,0.5432938201508557,0.20177841846184794,62.5,12.448492958286876,9095.0,18.858201829607896,9106.0
0,9108,9080,1.4322967167415883,0.2864593433483177,0.0,0.5927663628456923,0.5256571660211704,62.5,12.353478833397993,9080.0,20.069985644689183,9108.0
0,9169,9277,0.7014433211452329,0.14028866422904657,0.0,0.5126457134175741,0.010960719013699802,77.5,21.350912118422215,9277.0,16.092292379409102,9169.0
0,9170,9258,0.914398543842268,0.1828797087684536,0.0,0.5138540281908814,0.018014694839289167,77.5,17.35524908382924,9258.0,16.769472571199962,9170.0
0,9176,9215,0.8898377925562798,0.17796755851125595,0.0,0.5157223388246415,0.558783573936354,87.5,12.757377125009588,9215.0,19.98168094355931,9176.0
0,9178,9216,0.6448324116934102,0.12896648233868205,0.0,0.32950296792093714,0.03156180071073882,87.5,15.915246282352218,9216.0,18.720640615019697,9178.0
0,9181,9240,1.7612231137245933,0.35224462274491863,0.0,0.5999731180732341,0.5395885144163046,87.5,11.676292311050513,9240.0,19.594980314898187,9181.0
0,9182,9250,0.4424162527841829,0.08848325055683658,0.0,0.6040344891332727,0.0731395765734375,87.5,6.241690984627942,9250.0,23.421170583878794,9182.0
0,9191,9222,1.5099947425249105,0.3019989485049821,0.0,0.6748592113433911,0.029229221096450115,87.5,12.508750195653338,9222.0,21.554614453605698,9191.0
0,9194,9227,2.8797331452868935,0.5759466290573787,0.0,0.6605576525917312,0.011611025174326588,87.5,20.411593598792656,9227.0,14.39408339280584,9194.0
0,9194,9223,1.2130484979562568,0.24260969959125137,0.0,0.5842083772782457,0.6161968834450596,87.5,18.834963625696844,9223.0,15.69395670084754,9194.0
0,9195,9228,2.624606578720457,0.5249213157440914,0.0,0.6231593001048832,0.02470545838964971,87.5,21.960029430951042,9228.0,14.434731888851628,9195.0
0,9195,9218,1.7102890317220711,0.34205780634441424,0.0,0.595503882702622,0.6271297908814313,87.5,20.268063323836603,9218.0,15.7836510853014,9195.0
0,9196,9230,0.12836054313692433,0.025672108627384865,0.0,0.43114542199641936,0.2739767415715588,87.5,21.9609042249133,9230.0,15.735260504050778,9196.0
0,9206,9235,1.182113589850844,0.23642271797016878,0.0,0.566767893761652,0.5991625164857969,87.5,16.452001475773237,9235.0,16.09870315248758,9206.0
0,9206,9229,3.205316820261341,0.6410633640522682,0.0,0.7145895378001526,0.00015532476323645622,87.5,18.243219314031087,9229.0,14.840115532610021,9206.0
0,9215,9328,0.21617505028035758,0.04323501005607151,0.0,0.49805348133278815,0.44198412644589624,92.5,12.378484652557573,9328.0,20.07498332568951,9215.0
0,9168,9255,0.8415545599795157,0.16831091199590315,0.0,0.45126381039403307,0.06946995706733711,77.5,15.755271801409652,9255.0,16.570394386548088,9168.0
0,9106,9081,1.7537693052297965,0.3507538610459593,0.0,0.5420649350909055,0.4300287342635218,62.5,13.878632072638318,9081.0,17.66304803873019,9106.0
0,9167,9274,0.545177007022953,0.1090354014045906,0.0,0.5453895178112049,0.04510370675292087,77.5,20.50502702497046,9274.0,15.476434919721665,9167.0
0,9159,9262,0.33111709922703764,0.06622341984540753,0.0,0.5888242777254267,0.21858086936981436,77.5,11.33032904322953,9262.0,20.031443394780933,9159.0
0,9108,9086,2.7289358224142655,0.5457871644828531,0.0,0.6355864092007024,0.11810968532967758,62.5,10.740124294479543,9086.0,21.38155877897494,9108.0
0,9118,9155,0.32843897645601594,0.0656877952912032,0.0,0.3159901483632003,0.1786681933223459,72.5,12.693341369063841,9155.0,19.74367207790599,9118.0
0,9119,9168,0.2492991216234294,0.04985982432468588,0.0,0.36268318892736573,0.12598693173555492,72.5,15.232348289208886,9168.0,16.70372350598764,9119.0
0,9120,9170,0.4919543871650421,0.09839087743300842,0.0,0.4375378019636075,0.06833127233962645,72.5,16.708268070166177,9170.0,17.04326246796616,9120.0
0,9121,9040,0.10584901768103346,0.02116980353620669,0.0,0.2748268027188365,0.07992598751435928,37.5,17.241421841182657,9040.0,17.06123340979338,9121.0
0,9122,9156,0.6199696570969417,0.12399393141938835,0.0,0.423901875464037,0.6186855501470214,72.5,15.992993005545657,9156.0,18.553537239795126,9122.0
0,9124,9042,0.4817025015580855,0.0963405003116171,0.0,0.33480588458471905,0.021513552013610007,37.5,16.846386768589042,9042.0,18.230071442444594,9124.0
0,9126,9043,0.20938952007218656,0.04187790401443731,0.0,0.4321744977194508,0.36079816192328545,37.5,13.45263430723805,9043.0,19.066136432202683,9126.0
0,9127,9160,1.2890273202586768,0.2578054640517354,0.0,0.605741924288753,0.01623238238636338,72.5,8.359935536406054,9160.0,22.8370634586823,9127.0
0,9136,9167,0.3201241348430919,0.06402482696861837,0.0,0.31611778093651066,0.06353933257844767,72.5,20.087154893884353,9167.0,15.57821788156422,9136.0
0,9138,9169,0.31991014887823116,0.06398202977564624,0.0,0.27651789216433487,0.07101745212956136,72.5,20.863350247299486,9169.0,16.243638670742232,9138.0
0,9143,9159,0.5492951134540838,0.10985902269081675,0.0,0.28538495978755385,0.25421409409121554,72.5,11.440747061294967,9159.0,19.667474891730265,9143.0
0,9155,9252,0.4358403214037102,0.08716806428074204,0.0,0.533250250278457,0.12971873678429596,77.5,12.627873348225675,9252.0,20.100337911861416,9155.0
0,9156,9259,1.1678739387854382,0.23357478775708765,0.0,0.5729497306971677,0.5443036244840835,77.5,16.318384730935662,9259.0,18.57893062108174,9156.0
0,9156,9271,2.300149259324818,0.4600298518649636,0.0,0.803478822458476,0.014221240859417181,77.5,14.861779130950707,9271.0,19.475669022747145,9156.0
0,9160,9263,0.802985310898679,0.1605970621797358,0.0,0.6441335989713586,0.015466350595699105,77.5,7.3864668299177465,9263.0,23.217774870828713,9160.0
0,9010,9019,0.3796285008755935,0.07592570017511871,0.0,0.44668677165462944,0.22655281743940175,27.5,16.10847512562108,9019.0,17.473504719670448,9010.0
0,9123,9041,0.21671555933842332,0.043343111867684664,0.0,0.4758344965844401,0.03283507150232891,37.5,14.091484446637516,9041.0,17.872607079874662,9123.0
0,9001,9010,0.17591528195075434,0.03518305639015087,0.0,0.44434893192368863,0.2573598376353594,22.5,16.305969854468483,9010.0,17.611072865806563,9001.0
0,9277,9196,0.3583080494346796,0.07166160988693591,0.0,0.255630615098161,0.06130118775258664,82.5,21.83643617361573,9196.0,15.894358598830777,9277.0
0,9279,9343,1.104183276931211,0.2208366553862422,0.0,-1.0,0.2043506411120589,97.5,4.5878326017656175,9343.0,23.63740205619068,9279.0
0,9286,9326,0.44707632565258226,0.08941526513051645,0.0,0.6518091502972814,0.4395213088198555,97.5,12.636979444162296,9326.0,18.681076105096608,9286.0
0,9290,9332,0.5785929291887882,0.11571858583775765,0.0,0.5519143690946637,0.5444960644158934,97.5,15.82845460294499,9332.0,18.81567722100076,9290.0
0,9292,9344,1.0996720850474637,0.21993441700949273,0.0,0.6586542340892555,0.06430935553825466,97.5,17.535182875764015,9344.0,15.412852487835806,9292.0
0,9293,9334,0.7570210459225912,0.15140420918451825,0.0,0.5923221874563147,0.08253413495786767,97.5,19.728350393552184,9334.0,15.03126739296346,9293.0
0,9294,9335,0.6605516082801892,0.13211032165603784,0.0,0.5735847206102034,0.09065407722184983,97.5,20.969071426244888,9335.0,15.26718290038395,9294.0
0,9299,9339,0.5347977345380118,0.10695954690760237,0.0,0.5817539697375105,0.5308289626747038,97.5,20.901125596485528,9339.0,16.567683848170155,9299.0
0,9306,9351,1.550319379310592,0.3100638758621184,0.0,0.6373584902059479,0.08329425224630213,97.5,10.790584916822429,9351.0,22.81492228683044,9306.0
0,9308,9355,1.6733630461033855,0.3346726092206771,0.0,0.7088994506560169,0.05703744136983152,97.5,23.84653896999266,9355.0,11.886924160260367,9308.0
0,9309,9357,1.5564095388962649,0.31128190777925296,0.0,0.6760714155752289,0.07352995358975076,97.5,25.403105207259014,9357.0,12.067931352039313,9309.0
0,9310,9356,1.957613614495354,0.3915227228990708,0.0,0.6701795854110029,0.048415923885380366,97.5,21.999146188132986,9356.0,11.98575559420004,9310.0
0,9312,9358,1.389308302199753,0.2778616604399506,0.0,0.6390721237456145,0.0835568108192987,97.5,26.00925087598072,9358.0,12.915760807494806,9312.0
0,9326,9424,0.7667725997760582,0.15335451995521163,0.0,0.6834887931024088,0.5263687626492088,102.5,12.803321290397498,9424.0,18.54081644823522,9326.0
0,9328,9330,0.8075936517442506,0.16151873034885011,0.0,0.6787941156231769,0.5578939219529001,97.5,12.194542584045676,9330.0,20.317810922223,9328.0
0,9274,9195,0.23999078922361933,0.04799815784472387,0.0,0.2792095891683992,0.08806115520249044,82.5,20.873634670392157,9195.0,15.366840337149554,9274.0
0,9330,9428,0.6453243563378225,0.1290648712675645,0.0,0.7649165425563139,0.4875507188250407,102.5,11.93473764347867,9428.0,20.34955301274759,9330.0
0,9271,9191,1.2425295378413128,0.24850590756826257,0.0,0.5727746156234004,0.028326422730822327,82.5,13.531340035816015,9191.0,20.638968804020863,9271.0
0,9262,9181,0.2634014578163155,0.05268029156326311,0.0,0.3400373961334705,0.29297836727582544,82.5,11.279923131184336,9181.0,20.247831131755632,9262.0
0,9008,9020,0.5903883566458121,0.11807767132916243,0.0,0.3955415478691864,0.020968647784693935,27.5,15.10548401670286,9020.0,18.668677801068753,9008.0
0,9218,9294,1.422630973720507,0.2845261947441014,0.0,0.4678417117638828,0.6081951351806075,92.5,20.106088686860076,9294.0,15.808225029437537,9218.0
0,9222,9306,0.6313210004839062,0.12626420009678124,0.0,0.403971655643135,0.055707530556255026,92.5,11.62185147937217,9306.0,22.138864676657413,9222.0
0,9223,9293,1.3652056188110024,0.27304112376220047,0.0,0.49101191975982406,0.606455852500689,92.5,18.85173356816547,9293.0,15.591736194568165,9223.0
0,9227,9308,2.009641817578439,0.4019283635156878,0.0,0.6165727044851351,0.011715912426477144,92.5,22.2797492744525,9308.0,12.818796797611398,9227.0
0,9228,9309,2.1390734702991003,0.4278146940598201,0.0,0.6559703255468459,0.014647336887398868,92.5,23.80100420585812,9309.0,12.92594130963754,9228.0
0,9229,9310,2.155680599882761,0.4311361199765522,0.0,0.6255272548884105,0.014573403688155203,92.5,20.324794288915484,9310.0,13.154010210613386,9229.0
0,9230,9299,1.5970266095811427,0.31940532191622856,0.0,0.5459598781525241,0.3601239907910746,92.5,21.286291981100504,9299.0,16.139353783415253,9230.0
0,9230,9312,4.276898686735315,0.855379737347063,0.0,0.6987878897260521,0.2614562554787333,92.5,23.635125797688715,9312.0,14.376744584713085,9230.0
0,9235,9292,1.3426996994446838,0.26853993988893676,0.0,0.5102264804407828,0.601798698902954,92.5,16.47399907719131,9292.0,15.984994235295211,9235.0
0,9240,9286,0.5870199092967333,0.11740398185934667,0.0,0.32356256462250044,0.03192981616958049,92.5,12.394059582657942,9286.0,18.669346665265547,9240.0
0,9250,9279,1.0869213941989193,0.21738427883978387,0.0,0.6895504261480696,0.11905141968131391,92.5,5.506147472205673,9279.0,23.372794606098104,9250.0
0,9252,9176,0.7368179265638519,0.14736358531277038,0.0,0.4055951971321212,0.4577114315158016,82.5,12.901796160971642,9176.0,20.04958867240825,9252.0
0,9255,9206,1.0259032321252695,0.2051806464250539,0.0,0.3478376299221402,0.06478771998533502,82.5,16.56120658783376,9206.0,16.12332965192256,9255.0
0,9258,9194,1.9887123657981247,0.39774247315962497,0.0,0.5161939841815076,0.04694863709650174,82.5,18.55198834135883,9194.0,15.963313946744549,9258.0
0,9263,9182,0.5573390563736945,0.1114678112747389,0.0,0.4575148312017514,0.06606684916904401,82.5,6.72734499023815,9182.0,23.34458487233102,9263.0
0,9332,9492,0.7958096817440442,0.15916193634880885,0.0,0.7109498951222583,0.614101360569748,102.5,15.892707966430951,9492.0,18.724854724540158,9332.0
0,9259,9178,0.6915361123994606,0.1383072224798921,0.0,0.41221646116969657,0.6198277813155431,82.5,16.540154765364935,9178.0,18.49001308011232,9259.0
0,9335,9481,2.0890035702802336,0.41780071405604674,0.0,0.7611659762553225,0.1261746707337335,102.5,21.954589417749116,9481.0,14.380638154083007,9335.0
0,9483,9465,5.034220039021808,1.0068440078043617,0.0,0.8884463988870607,0.06289382910842191,107.5,31.215587143871524,9465.0,9.460626426898257,9483.0
0,9483,9402,0.9060939714640275,0.1812187942928055,0.0,0.5962894390398965,0.08222529302172185,107.5,29.23383978657047,9402.0,10.046868170700993,9483.0
0,9485,9446,2.615310302793037,0.5230620605586074,0.0,0.4922420754937441,0.06822323077052483,107.5,30.414373608753024,9446.0,10.74794955999939,9485.0
0,9491,9463,2.7184930842985655,0.5436986168597131,0.0,0.6316073529765032,0.06994146412414627,107.5,28.397588146439745,9463.0,9.33766942876553,9491.0
0,9492,9476,2.621275208361485,0.5242550416722971,0.0,0.6495258993968078,0.12212516559682904,107.5,17.189253151470798,9476.0,17.700353195832346,9492.0
0,9492,9480,2.7071582706367123,0.5414316541273425,0.0,0.6388545134186212,0.5394264314468213,107.5,15.020142073748984,9480.0,19.231410795773627,9492.0
0,9494,9444,2.5234144604539446,0.5046828920907889,0.0,-1.0,0.13431723106989418,107.5,24.529546509561545,9444.0,10.000806334929862,9494.0
0,9482,9440,3.2384267272777842,0.6476853454555569,0.0,0.8939717799450462,0.06680740994173498,107.5,28.139024743308525,9440.0,8.39981540929443,9482.0
0,9498,9448,3.4707055984491677,0.6941411196898335,0.0,-1.0,0.05690057717115456,107.5,22.851442859164283,9448.0,12.240615983804492,9498.0
0,8988,8999,0.34099444267653645,0.06819888853530728,0.0,0.24710250642744302,0.49481160059881846,17.5,13.818517294323359,8999.0,19.101852567302316,8988.0
0,8989,8996,0.389189052642889,0.0778378105285778,0.0,0.7759146716691974,0.07226729663513383,12.5,16.654867124274986,8996.0,17.87631581632374,8989.0
0,8993,9014,1.1122095015101576,0.22244190030203154,0.0,0.8256284267113103,,2.5,14.835678431408867,9014.0,19.417011281385843,8993.0
0,8993,9013,1.8444798490557714,0.3688959698111543,0.0,0.787040404979088,,2.5,16.110860464020902,9013.0,18.789119210589035,8993.0
0,8996,9001,0.21588937985380305,0.04317787597076061,0.0,0.36993437147070596,0.15801031440670285,17.5,16.4277893191989,9001.0,17.710417093048495,8996.0
0,9334,9498,2.1503036950402445,0.4300607390080489,0.0,0.749980951424233,0.11886440406279979,102.5,20.760571242797198,9498.0,14.078329068314332,9334.0
0,8999,9008,0.8996982628962163,0.17993965257924327,0.0,0.5380662185831003,0.05288509257397526,22.5,14.41347373617855,9008.0,18.942087692637188,8999.0
0,9498,9416,0.43107380480295865,0.08621476096059173,0.0,0.6569022400763449,0.5439549579396893,107.5,21.37772729450706,9416.0,13.446917031377854,9498.0
0,9481,9470,1.664303725931172,0.3328607451862344,0.0,0.5154982100654804,0.07559330583676285,107.5,23.34947288847893,9470.0,13.175055421938616,9481.0
0,8986,8988,0.31450554430407945,0.06290110886081589,0.0,0.5005023146636209,0.029658716766894817,12.5,13.778474065324026,8988.0,19.202261601826812,8986.0
0,9464,9375,3.725232368812646,0.7450464737625292,0.0,0.7529246552464874,0.11604814548715021,107.5,7.668335758162929,9375.0,23.840114333777436,9464.0
0,9343,9450,0.7710363225938326,0.1542072645187665,0.0,0.6689578409019243,0.2628673882196211,102.5,3.864926241143271,9450.0,23.834413132042553,9343.0
0,9464,9398,0.7638083850775644,0.15276167701551288,0.0,0.5101751191232828,0.5539604849086177,107.5,9.789118514508651,9398.0,23.12642317352414,9464.0
0,9344,9438,1.825026265180934,0.3650052530361868,0.0,0.77853923602731,0.1246441679359781,102.5,18.595132542038588,9438.0,14.503829286384958,9344.0
0,9351,9464,0.8609988656326547,0.17219977312653095,0.0,0.700104975451799,0.20450947816324655,102.5,9.831683907190708,9464.0,23.278130472840253,9351.0
0,9355,9491,3.086319441576867,0.6172638883153734,0.0,0.852394466280135,0.052148216587810284,102.5,25.859552617753195,9491.0,10.652364435319548,9355.0
0,9356,9494,1.1321686761221308,0.22643373522442617,0.0,-1.0,0.12327473176824744,102.5,23.123736170780326,9494.0,11.027601162975927,9356.0
0,9357,9483,3.1532816796103846,0.6306563359220769,0.0,0.881959491512327,0.06047533119885231,102.5,27.469311031986592,9483.0,10.98869019230844,9357.0
0,9356,9482,4.580024906051536,0.9160049812103072,0.0,-1.0,0.02807058140295248,102.5,24.726542544785588,9482.0,10.196228803766374,9356.0
0,9339,9441,1.575972303557871,0.3151944607115742,0.0,0.6936388762181691,0.16013329069794743,102.5,21.63573784136957,9441.0,15.899724977451847,9339.0
0,9424,9382,0.26940620323830716,0.053881240647661435,0.0,0.4573225596753636,0.5143208474952182,107.5,12.963066547546372,9382.0,18.311352598111057,9424.0
0,9428,9384,0.6446465673375809,0.12892931346751618,0.0,0.5598543219642885,0.3814127031024555,107.5,11.59693738019456,9384.0,20.19061813469976,9428.0
0,9438,9389,0.6375787194366932,0.12751574388733863,0.0,0.5633370123322744,0.6120922960201538,107.5,18.966418184812312,9389.0,14.038459951344691,9438.0
0,9438,9449,3.574790208647283,0.7149580417294567,0.0,-1.0,0.06513151267533243,107.5,20.592499673855897,9449.0,12.735050651052303,9438.0
0,9441,9390,0.7809592698451037,0.15619185396902074,0.0,0.42299409465598947,0.09970698733164943,107.5,22.459561647364655,9390.0,15.10273455040279,9441.0
0,9358,9485,2.9798552076009828,0.5959710415201965,0.0,-1.0,0.07236210206626022,102.5,27.917034752390848,9485.0,11.91638942611354,9358.0
0,9450,9395,0.8678473577197331,0.1735694715439466,0.0,-1.0,0.33907307329716097,107.5,3.361698393853279,9395.0,24.039611258701434,9450.0
1,9057,9107,2.1275969164150155,0.4255193832830031,0.0,0.5945459389361862,0.45021677516618547,57.5,8.553209864630261,9107.0,20.420525251740195,9057.0
1,9056,9109,0.5883943735562277,0.11767887471124554,0.0,0.5499156959773738,0.2797562978659955,57.5,10.631535229149133,9109.0,19.312789706249433,9056.0
1,9054,9105,0.799085567266226,0.1598171134532452,0.0,0.6800031388337271,0.22976815137024592,57.5,17.125059417578292,9105.0,19.043994052914563,9054.0
1,9034,9069,0.43138873897651414,0.08627774779530283,0.0,0.5838973671446008,0.023561234523581366,47.5,9.291721865375806,9069.0,20.13823696106056,9034.0
1,9033,9070,0.583091046742115,0.116618209348423,0.0,0.5867957012080776,0.10399214032692258,47.5,11.342981555608024,9070.0,21.33035641515496,9033.0
1,9045,9030,2.1586077068276794,0.43172154136553587,0.0,0.5372372652165741,0.36028289453579965,42.5,15.073304813025473,9030.0,19.76518344857371,9045.0
1,9057,9097,1.9372113376222369,0.3874422675244474,0.0,0.7239221601325116,0.2179974759935659,57.5,9.78144501682845,9097.0,18.81390168141,9057.0
1,9044,9032,0.46831823247163484,0.09366364649432697,0.0,0.4981636511485539,0.5950527348730346,42.5,11.588819797411034,9032.0,18.61083909019782,9044.0
1,9046,9034,0.40010987274169163,0.08002197454833833,0.0,0.4956044846258695,0.009923539771876093,42.5,9.335152825908242,9034.0,20.550987576838793,9046.0
1,9045,9033,2.725054270460341,0.5450108540920682,0.0,0.7488176608523339,0.2381514832216242,42.5,12.773683176753405,9033.0,20.566124727039856,9045.0
1,9079,9117,0.6092558191315308,0.12185116382630616,0.0,0.3335355929992888,0.018486564000109246,67.5,12.124772331088941,9117.0,17.62126880579821,9079.0
1,9066,9054,0.37912958667155083,0.07582591733431017,0.0,0.4903451525368171,0.15805659373602648,52.5,16.63931148047942,9054.0,19.191152095276067,9066.0
1,9068,9056,0.3557080993053251,0.07114161986106501,0.0,0.6505041290760665,0.12792468616342278,52.5,10.86719463023807,9056.0,19.02895680264517,9068.0
1,9069,9057,0.4311199996840988,0.08622399993681976,0.0,0.6563118768474385,0.03426666582577366,52.5,9.186600972101978,9057.0,19.721621555322454,9069.0
1,9070,9058,0.7318670115618234,0.14637340231236468,0.0,0.4461223541202738,0.10409675312641123,52.5,10.829669427004497,9058.0,21.705235412710422,9070.0
1,9085,9125,1.0589144528606471,0.21178289057212943,0.0,0.4265670124420513,0.024571569525034066,67.5,10.987608668496541,9125.0,17.391808291292726,9085.0
1,9087,9129,0.1963979439667588,0.03927958879335176,0.0,0.4031791394917206,0.09937950159173095,67.5,7.327590500510472,9129.0,21.203624180061794,9087.0
1,9094,9141,0.45185566874812233,0.09037113374962447,0.0,0.2900758242476653,0.5702835428660931,67.5,16.073378955552354,9141.0,19.506932790693945,9094.0
1,9032,9068,0.45614252357904433,0.09122850471580887,0.0,0.4900452138578907,0.02779172356153494,47.5,11.23144762079945,9068.0,18.902236559325672,9032.0
1,9092,9139,0.1738180444603343,0.03476360889206686,0.0,0.3830598125483249,0.0411192265190847,67.5,20.43804948428539,9139.0,17.795111335486276,9092.0
1,9058,9110,0.7584812827357951,0.15169625654715901,0.0,0.8378665392112457,0.16253278989387104,57.5,10.36001674224882,9110.0,22.203225165052864,9058.0
1,9030,9066,0.45495099756630014,0.09099019951326003,0.0,0.2687007934800091,0.01065286950157825,47.5,16.335558906813805,9066.0,19.428003238798638,9030.0
1,8991,9000,0.613373341245085,0.122674668249017,0.0,0.3106435117020345,0.0653350303152705,17.5,13.887860670860846,9000.0,20.077877912407395,8991.0
1,9022,9132,1.2325979600075505,0.2465195920015101,0.0,0.5992519948611407,0.4777535370859102,32.5,9.881608849099667,9132.0,20.63979854835123,9022.0
1,9497,9466,1.792475589335954,0.3584951178671908,0.0,0.5633978151333054,0.2287282395661928,107.5,21.639371456924053,9466.0,10.71552810026211,9497.0
1,9097,9085,0.37120477393991014,0.07424095478798202,0.0,0.30080386480466215,0.0367620991800683,62.5,10.547397250255603,9085.0,17.953985089675278,9097.0
1,9499,9454,1.093393430178122,0.2186786860356244,0.0,0.5597069350589021,0.02176817863721608,107.5,4.906117081974428,9454.0,19.17583509144631,9499.0
1,9501,9403,3.7601993339140307,0.7520398667828061,0.0,0.731451530759301,0.12154331458175494,107.5,4.767128852417148,9403.0,19.766098047222137,9501.0
1,9501,9478,1.4370342063881487,0.2874068412776297,0.0,0.45925929881881367,0.5096888341513324,107.5,7.36394755540098,9478.0,19.67094002093019,9501.0
1,9502,9421,0.24845224001434277,0.04969044800286855,0.0,0.40827380926076084,0.581452322712488,107.5,10.574312227625178,9421.0,19.083429870501973,9502.0
1,8992,8991,2.0298890371596747,0.40597780743193496,0.0,0.6724175722282287,0.061191288534070444,12.5,12.63550289746159,8991.0,20.45917265043108,8992.0
1,8992,8997,1.691731291701427,0.3383462583402854,0.0,0.7595383671607518,0.5122520738964002,12.5,10.84759632472771,8997.0,20.90837061108138,8992.0
1,9503,1000,,,0.0,,,,0.5,,0.5,
1,9022,9128,2.159698295602466,0.43193965912049326,0.0,0.8735944224864727,0.07822002681787105,32.5,11.036612281748473,9128.0,19.43283858971117,9022.0
1,9504,9422,0.7864198930318465,0.15728397860636928,0.0,0.44186953542212637,0.5555361412456056,107.5,17.862281797525306,9422.0,19.519860333931376,9504.0
1,9505,9423,0.5034576506113874,0.10069153012227747,0.0,0.5423943566749143,0.20193759847597326,107.5,1.4010168508630176,9423.0,20.246896530002385,9505.0
1,8997,9002,0.09375254003552776,0.01875050800710555,0.0,0.2716091669977071,0.47200753434045445,17.5,10.035599764134133,9002.0,20.95373083547539,8997.0
1,9508,9427,0.9573407115151208,0.19146814230302417,0.0,0.5217216122200066,0.18773299716647956,107.5,5.8487590499395745,9427.0,21.313387051389526,9508.0
1,9000,9011,0.564933308543212,0.1129866617086424,0.0,0.4596180299232172,0.08074637958892468,22.5,14.44885892330446,9011.0,19.94203637086844,9000.0
1,9002,9009,0.3578966832869636,0.07157933665739272,0.0,0.4043564702815019,0.012754741156366229,22.5,10.188379739084485,9009.0,20.787535379515177,9002.0
1,9009,9022,0.36415671261745597,0.07283134252349119,0.0,0.5147266279407907,0.1030446564824985,27.5,10.354742940122769,9022.0,20.480608697395873,9009.0
1,9011,9021,0.2904884949644322,0.058097698992886436,0.0,0.3658495124752046,0.4969400927987658,27.5,14.561386644780214,9021.0,19.78957883982462,9011.0
1,9015,8992,0.6491824481622861,0.12983648963245722,0.0,0.5877943298037555,0.11131734205063051,7.5,11.436477824464124,8992.0,21.030220669689278,9015.0
1,9021,9130,0.41484313596685585,0.08296862719337117,0.0,0.3247978303914508,0.10491440568986812,32.5,14.22212270757346,9130.0,19.823804030619293,9021.0
1,9507,9426,0.4433492953324558,0.08866985906649116,0.0,0.7425589774865293,0.5510677327556859,107.5,11.090491442155226,9426.0,25.205807320040577,9507.0
1,9098,9152,1.7520403265117408,0.35040806530234814,0.0,0.6178765719372544,0.6008179536223621,67.5,10.203667171096946,9152.0,22.698139648006922,9098.0
1,9188,9256,0.9950434932468771,0.19900869864937543,0.0,0.8634906691954997,0.004623608298044485,87.5,2.2809381856888447,9256.0,24.031249051676014,9188.0
1,9100,9150,0.38352987930335847,0.0767059758606717,0.0,0.3268413780925934,0.10161969033959631,67.5,8.435059218154844,9150.0,21.585467567937485,9100.0
1,9165,9280,2.194614393655661,0.4389228787311322,0.0,0.7054295306765512,0.3125554663325484,77.5,6.411712310928427,9280.0,24.893770041966846,9165.0
1,9165,9270,1.9564244698694517,0.3912848939738903,0.0,-1.0,0.24906655182671383,77.5,4.517406311313426,9270.0,24.1184543039977,9165.0
1,9166,9269,1.0117223592314044,0.20234447184628088,0.0,0.71881141777719,0.027214703280363038,77.5,9.277359092855079,9269.0,23.752043458637548,9166.0
1,9171,9278,0.2165255414658927,0.04330510829317854,0.0,0.5077889378758496,0.16897784072693411,77.5,20.68547397213455,9278.0,17.83362799254168,9171.0
1,9177,9237,0.3563398465136057,0.07126796930272114,0.0,0.28562932147309417,0.018680551331106812,87.5,14.569079725064032,9237.0,14.951776307924927,9177.0
1,9179,9217,1.436525926635526,0.2873051853271052,0.0,0.5237881406732285,0.05084718785051843,87.5,15.967042534473642,9217.0,19.885248204082092,9179.0
1,9180,9239,0.863657682200365,0.172731536440073,0.0,0.7148018141546439,0.0233969773280854,87.5,9.840658674163187,9239.0,17.921786112535806,9180.0
1,9183,9242,3.3318795961123056,0.6663759192224611,0.0,0.8045058558421548,0.14314963530017527,87.5,4.850583819638181,9242.0,21.051751523974772,9183.0
1,9183,9241,1.9786439569187961,0.3957287913837592,0.0,0.8246858714904888,0.4146041477175347,87.5,7.393253884768294,9241.0,20.433532942768828,9183.0
1,9164,9267,0.2576247183257088,0.051524943665141765,0.0,0.5957639137608608,0.018253732995469667,77.5,7.535040173158496,9267.0,21.83658346143539,9164.0
1,9186,9251,0.7603057107383759,0.1520611421476752,0.0,0.4467320547515766,0.009881092610099274,87.5,6.011871446921681,9251.0,24.415944623052823,9186.0
1,9192,9254,0.4855369349927733,0.09710738699855466,0.0,0.7995243222944648,0.2133763343684986,87.5,11.441704509651887,9254.0,24.338152603008254,9192.0
1,9197,9231,0.6147774840320276,0.12295549680640552,0.0,0.40578719733471524,0.5176309087015635,87.5,20.87171671789281,9231.0,17.704816446737812,9197.0
1,9198,9232,0.41389214567109917,0.08277842913421983,0.0,0.6916063965756323,0.32349622748084733,87.5,13.357288299217583,9232.0,22.529238744805514,9198.0
1,9202,9245,0.4348125204603025,0.0869625040920605,0.0,0.6606766341590851,0.3301130880262485,87.5,9.097013206821465,9245.0,20.82628138603093,9202.0
1,9202,9248,0.8458746809433008,0.16917493618866014,0.0,0.8131939005857863,0.43816322880159275,87.5,9.135448437515581,9248.0,21.4307170773159,9202.0
1,9204,9236,1.7786514921669168,0.35573029843338333,0.0,0.6143920113042214,0.031571135139641125,87.5,17.270000597783103,9236.0,14.476903716921921,9204.0
1,9205,9238,1.2015651495034707,0.24031302990069414,0.0,0.5074000143949923,0.5871733356833786,87.5,12.822314376410205,9238.0,17.162691183813358,9205.0
1,9209,9247,1.0215879881992493,0.20431759763984986,0.0,0.45130687092591104,0.06470463837849624,87.5,4.227631452086555,9247.0,22.31889591368254,9209.0
1,8985,9015,0.2996227128866252,0.05992454257732503,0.0,0.5539550418894829,,2.5,11.133820855399392,9015.0,21.374861395496293,8985.0
1,9189,9257,0.41095331698211873,0.08219066339642375,0.0,0.6060315380389336,0.22588158519241025,87.5,7.7546564975311085,9257.0,25.59173360868722,9189.0
1,9098,9154,3.5144956875791644,0.7028991375158329,0.0,0.7452891898376056,0.03937810629018752,67.5,7.631539279301196,9154.0,23.257452491498018,9098.0
1,9161,9264,0.201056651421771,0.0402113302843542,0.0,0.6168028882638529,0.06950871222232828,77.5,6.880536394672891,9264.0,21.060832149427387,9161.0
1,9158,9261,1.7634685988655758,0.35269371977311514,0.0,0.6214237193704965,0.5974768185330028,77.5,11.255188886596581,9261.0,17.19545808377491,9158.0
1,9105,9092,3.0937196085113694,0.6187439217022739,0.0,0.6822061770847876,0.09180580284915796,62.5,18.945449490104853,9092.0,18.455174394987004,9105.0
1,9105,9094,1.7314694758849303,0.34629389517698606,0.0,0.5375315654516168,0.5499880200231818,62.5,16.70731312485578,9094.0,19.352548929098127,9105.0
1,9107,9087,0.5854031726859542,0.11708063453719084,0.0,0.6968250874751568,0.22440639561251632,62.5,7.699283463355728,9087.0,21.29134853703698,9107.0
1,9109,9079,2.21171010847565,0.44234202169513,0.0,0.5095310732019356,0.5372434163121783,62.5,11.24586836439029,9079.0,18.723137156174843,9109.0
1,9109,9100,2.748298341859328,0.5496596683718656,0.0,0.7359492532120244,0.11857224389313048,62.5,9.59672565500032,9100.0,20.567607370911578,9109.0
1,9110,9098,0.9428690674434362,0.18857381348868724,0.0,0.5724929897678612,0.16441366309385966,62.5,9.791508293282451,9098.0,22.738272469116687,9110.0
1,9117,9153,0.5745465584228184,0.11490931168456368,0.0,0.4270094852005639,0.07535479067166061,72.5,12.590372475719944,9153.0,17.273006280582557,9117.0
1,9125,9158,0.6955037709030581,0.13910075418061163,0.0,0.3703394974948937,0.05811612184058814,72.5,11.61725448420546,9158.0,16.79380785530291,9125.0
1,9128,9044,0.13974127819654217,0.027948255639308434,0.0,0.2946313115601017,0.0038748938465102806,37.5,11.71734548862992,9044.0,18.506323846846286,9128.0
1,9158,9253,2.3397554131937968,0.46795108263875934,0.0,0.690817785044898,0.010274722866310055,77.5,12.91516461951618,9253.0,16.00796093793876,9158.0
1,9129,9161,0.28041181607682286,0.05608236321536457,0.0,0.4350315251193597,0.05637307148334096,72.5,7.1139511300883065,9161.0,21.10308323380171,9129.0
1,9132,9046,0.22592024256911356,0.04518404851382271,0.0,0.5057245274977065,0.4108116932884018,37.5,9.354423338104098,9046.0,20.863319852063796,9132.0
1,9139,9171,0.10790373695013206,0.02158074739002641,0.0,0.29697153934549836,0.13054553076137207,72.5,20.563134953454806,9171.0,17.747491793015314,9139.0
1,9141,9157,0.6598048756727735,0.13196097513455468,0.0,0.5481192255423115,0.5916873278953175,72.5,16.029041294501923,9157.0,19.613413961857006,9141.0
1,9150,9164,0.61426074041594,0.122852148083188,0.0,0.42055809491486085,0.0031027798666327542,72.5,7.953242592283021,9164.0,21.714831759906833,9150.0
1,9152,9166,1.6819219630040665,0.3363843926008133,0.0,0.5795325730261305,0.56082087369113,72.5,10.353426889294601,9166.0,22.946969987257592,9152.0
1,9153,9249,0.6095533455593686,0.12191066911187372,0.0,0.39357852726415354,0.038816230077970235,77.5,13.144253283385673,9249.0,17.071880477446708,9153.0
1,9154,9165,0.84697145524,0.169394291048,0.0,-1.0,0.16777602309186546,72.5,5.690539628522494,9165.0,23.960610953269814,9154.0
1,9157,9260,1.487062279103376,0.2974124558206752,0.0,0.5366228116653935,0.5357886583416327,77.5,16.500678915469845,9260.0,19.59856975908516,9157.0
1,9157,9273,2.8278765192745787,0.5655753038549157,0.0,0.8753064476042557,0.024710161372770358,77.5,14.709539537438953,9273.0,20.75042060178381,9157.0
1,9130,9045,0.14591049163793035,0.02918209832758607,0.0,0.4077060987540796,0.2552821217556577,37.5,14.026483412631057,9045.0,19.961109849324565,9130.0
1,9496,9452,1.2877466025128612,0.25754932050257223,0.0,0.4304636296769576,0.02143221046285442,107.5,18.964878958705683,9452.0,11.647627550164199,9496.0
1,9506,9425,0.6820928099370179,0.1364185619874036,0.0,0.5017451100607511,0.131078038711983,107.5,1.2241463424841157,9425.0,21.22971491278811,9506.0
1,9489,9442,2.7964083958094648,0.559281679161893,0.0,0.7293771384389662,0.06749492211515078,107.5,25.96659500895614,9442.0,8.26654844268039,9489.0
1,9269,9186,2.526398683249413,0.5052797366498826,0.0,0.5780783478738616,0.1215792848595062,82.5,7.645296171471581,9186.0,24.238862129975686,9269.0
1,9269,9192,2.42836219792941,0.485672439585882,0.0,0.78366662357496,0.4799322380294391,82.5,10.113550713879285,9192.0,24.10612133135149,9269.0
1,9270,9188,0.7882263265864123,0.15764526531728246,0.0,0.8726284045255026,0.06269995483817259,82.5,3.169024186327524,9188.0,23.952437383504485,9270.0
1,9273,9198,0.9047054583605258,0.18094109167210518,0.0,0.7866648184231128,0.07382099207310475,82.5,13.394834647808704,9198.0,22.04210165933199,9273.0
1,9276,9341,2.4513533332468187,0.49027066664936375,0.0,0.6623988510872809,0.3844570918261304,97.5,7.909471954984162,9341.0,21.052286345745678,9276.0
1,9276,9369,1.6412599614894459,0.32825199229788915,0.0,0.6587586414408022,0.29044827310373533,97.5,9.646529924374896,9369.0,19.99603243315459,9276.0
1,9278,9197,0.07979715466908892,0.015959430933817784,0.0,0.30694694816767965,0.3833766720082186,82.5,20.716269223165902,9197.0,17.93075594375678,9278.0
1,9280,9189,0.2942985374102112,0.058859707482042244,0.0,0.34189898228743243,0.1381453942181774,82.5,7.495326272874234,9189.0,25.441885266031043,9280.0
1,9285,9323,0.40694288572170445,0.08138857714434089,0.0,0.6652445830795594,0.2686355922085697,97.5,14.113824492305149,9323.0,16.288606008633543,9285.0
1,9267,9209,2.727926717173467,0.5455853434346933,0.0,0.7389329145724273,0.03207236588039283,82.5,6.073811087949192,9209.0,22.134376026037963,9267.0
1,9287,9372,0.5987743202933061,0.11975486405866123,0.0,-1.0,0.34192717737176637,97.5,2.3356352861473626,9372.0,20.89795648980368,9287.0
1,9291,9360,3.1021764695554332,0.6204352939110866,0.0,0.8099686706317183,0.06852641571867708,97.5,14.068481947223436,9360.0,21.440613362737064,9291.0
1,9291,9333,1.2681845595619732,0.2536369119123946,0.0,0.7238435177548793,0.6188739166184009,97.5,15.745532170804161,9333.0,20.09342522042786,9291.0
1,9295,9383,1.2602984397376567,0.2520596879475313,0.0,0.6314026594502284,0.14181134793245348,97.5,8.549487488412666,9383.0,18.389266636608582,9295.0
1,9296,9381,0.7534037265280124,0.15068074530560246,0.0,-1.0,0.2280800298793329,97.5,2.5437728091769403,9381.0,21.994477294367947,9296.0
1,9298,9346,1.0525295189423265,0.2105059037884653,0.0,0.6645421152106776,0.45447031645963876,97.5,7.868473198454236,9346.0,19.862212368028374,9298.0
1,9300,9337,1.0799776924986944,0.21599553849973888,0.0,0.6351011814326837,0.17609150220420416,97.5,8.071375591338148,9337.0,22.13844640190186,9300.0
1,9301,9348,1.4884193570986002,0.29768387141972,0.0,-1.0,0.13563872617519787,97.5,3.8491294703056274,9348.0,24.464330512947896,9301.0
1,9303,9347,0.8174283700521103,0.16348567401042208,0.0,-1.0,0.1626493543729278,97.5,1.9876585151956814,9347.0,24.880178238553526,9303.0
1,9304,9349,2.6063946439721395,0.5212789287944279,0.0,-1.0,0.020697582999051754,97.5,9.45964612772364,9349.0,26.46405066658201,9304.0
1,9288,9331,0.3233510159994916,0.06467020319989833,0.0,0.6211516705459783,0.3046073816658675,97.5,15.342498596708523,9331.0,14.475053232457828,9288.0
1,9304,9353,2.100858321677702,0.4201716643355404,0.0,-1.0,0.4197670228689745,97.5,7.358440540970925,9353.0,26.51896192288217,9304.0
1,9267,9202,1.9914305221452282,0.39828610442904566,0.0,0.6916595599376978,0.6077964766549273,82.5,8.310424940953933,9202.0,21.44716292288252,9267.0
1,9261,9180,0.34333670694389334,0.06866734138877867,0.0,0.38867300382793823,0.10008742227203152,82.5,10.436176420278663,9180.0,17.829297666984967,9261.0
1,9490,9411,0.7179847712241072,0.14359695424482144,0.0,0.3957859927238755,0.30831042633447475,107.5,24.57365204722423,9411.0,14.829891576930674,9490.0
1,9217,9291,0.20749936842523545,0.04149987368504709,0.0,0.33037469014248755,0.017346182703877153,92.5,15.25487182136808,9291.0,20.295074343516944,9217.0
1,9232,9316,0.05246368747915495,0.01049273749583099,0.0,0.29894212518445595,0.5683329954911939,92.5,13.516199177129403,9316.0,22.61806245827335,9232.0
1,9236,9311,2.4056943916465414,0.4811388783293083,0.0,0.561218420364757,0.0026065352703725786,92.5,18.868229184172346,9311.0,13.126840268812884,9236.0
1,9237,9288,0.7068222762194869,0.14136445524389737,0.0,0.3984331814519517,0.009431696132071574,92.5,14.96698377208605,9288.0,14.599482700434665,9237.0
1,9238,9285,0.8944517865884651,0.17889035731769304,0.0,0.5349626643916041,0.01914147330100396,92.5,13.61974849278063,9285.0,16.484486697919976,9238.0
1,9239,9295,0.38667472629312055,0.07733494525862411,0.0,0.46699232315454975,0.02297652487861895,92.5,9.218644014371192,9295.0,17.974982659856263,9239.0
1,9241,9298,0.49718383387942355,0.09943676677588471,0.0,0.6567323450825235,0.23473288661959021,92.5,8.263902904815781,9298.0,19.745949394629633,9241.0
1,9242,9287,0.913151709107407,0.18263034182148138,0.0,0.7469318596440232,0.16096942631511185,92.5,2.844274109926669,9287.0,20.937272893210633,9242.0
1,9264,9183,0.3328205962692541,0.06656411925385082,0.0,0.36081846333953704,0.1263756959731201,82.5,6.643472191925525,9183.0,20.96811364347035,9264.0
1,9245,9276,0.3317110425455522,0.06634220850911045,0.0,0.5358183457830521,0.048366954546477575,92.5,8.939975076894887,9276.0,20.479683554563703,9245.0
1,9248,9300,0.6029856185903775,0.12059712371807549,0.0,0.6423015360055655,0.30604181831312377,92.5,8.764999666665565,9300.0,21.808724404871946,9248.0
1,9249,9204,3.704008572088945,0.740801714417789,0.0,0.6797350016976242,0.05938151549663358,82.5,15.017090803822569,9204.0,16.025558441435063,9249.0
1,9249,9205,1.215466000540729,0.24309320010814578,0.0,0.5261089344525365,0.5875067991903531,82.5,12.894197232291827,9205.0,17.26407946057332,9249.0
1,9251,9301,1.1419363534658475,0.2283872706931695,0.0,0.5879661558781161,0.0645298847212506,92.5,5.0798062897742255,9301.0,24.2998193148609,9251.0
1,9253,9177,0.6167806584348807,0.12335613168697615,0.0,0.360157525143487,0.01345113657757925,82.5,14.177504621493966,9177.0,15.239753414577246,9253.0
1,9254,9307,0.30801658508466756,0.061603317016933515,0.0,0.3635065092710922,0.2513698772714088,92.5,11.707453600612315,9307.0,24.52556839406881,9254.0
1,9256,9303,0.49957011270222335,0.09991402254044467,0.0,0.6707109197262231,0.4202610317846852,92.5,1.9277888402700885,9303.0,24.27506887841227,9256.0
1,9257,9304,0.4374552269153348,0.08749104538306696,0.0,0.5012284239548571,0.0983413303547131,92.5,8.061112861352186,9304.0,25.866296392080066,9257.0
1,9260,9179,0.6384753132016915,0.1276950626403383,0.0,0.38751343945387384,0.6143345796286984,82.5,16.892533234570166,9179.0,19.432331695099798,9260.0
1,9247,9296,0.9982720803060882,0.19965441606121764,0.0,0.5974856983448394,0.07300252773805503,92.5,3.2838479289437945,9296.0,22.009641987217123,9247.0
1,9307,9376,1.2125894427132256,0.2425178885426451,0.0,-1.0,0.46936326714379817,97.5,11.516425143323714,9376.0,24.998868293553112,9307.0
1,9231,9314,1.3828573026544504,0.2765714605308901,0.0,0.3802888195927734,0.04285295622715328,92.5,21.603585432677086,9314.0,17.032295681680473,9231.0
1,9314,9370,5.652134256531656,1.1304268513063311,0.0,0.8109117903526781,0.6276028243851788,97.5,19.933885000239037,9370.0,18.36226068728312,9314.0
1,9372,9505,1.0389243839678695,0.20778487679357388,0.0,-1.0,0.41080406978640677,102.5,1.9147990559468593,9505.0,20.70340651089311,9372.0
1,9376,9507,0.4984997864855048,0.09969995729710096,0.0,0.5517367547143006,0.3973506147900379,102.5,11.0425854945431,9507.0,25.28708867550918,9376.0
1,9381,9506,1.1334227439516809,0.22668454879033617,0.0,-1.0,0.31153001498428184,102.5,1.8974377256318746,9506.0,21.768800917555374,9381.0
1,9383,9499,2.645469878155156,0.5290939756310312,0.0,-1.0,0.11580504789588753,102.5,6.763138756689484,9499.0,18.98170327686452,9383.0
1,9383,9443,2.2471167794677815,0.4494233558935563,0.0,0.8663708610537043,0.6225293620318665,102.5,8.900383760655455,9443.0,18.041534573494182,9383.0
1,9430,9386,0.4272839687276418,0.08545679374552836,0.0,0.3974048590677334,0.621824892180626,107.5,14.336852312732038,9386.0,14.755387142715417,9430.0
1,9433,9472,3.3388889548972873,0.6677777909794574,0.0,0.6195351612373334,0.10824624403202683,107.5,16.38631462373934,9472.0,14.60743088372167,9433.0
1,9433,9474,2.4145778812461307,0.48291557624922615,0.0,0.5796612213173598,0.5310566569866036,107.5,13.868826027032956,9474.0,15.997311552220925,9433.0
1,9435,9387,0.756985837323942,0.1513971674647884,0.0,0.3861173193725419,0.5206595862323213,107.5,16.185588722980178,9387.0,19.507031005308868,9435.0
1,9370,9504,0.9724650459747158,0.19449300919494317,0.0,0.8282060367664602,0.5388315249556477,102.5,17.936713020482433,9504.0,19.687654385215296,9370.0
1,9443,9391,0.283149495581095,0.056629899116219,0.0,0.3979867497252052,0.5631164190941346,107.5,9.659123378142198,9391.0,17.404853325657694,9443.0
1,9447,9393,0.7034471660993963,0.14068943321987926,0.0,0.5558064197392272,0.547621224740913,107.5,7.169760935102483,9393.0,22.048216876013516,9447.0
1,9453,9396,1.3831175616175164,0.2766235123235033,0.0,-1.0,0.6166567602074415,107.5,2.709041505185191,9396.0,24.931934854001078,9453.0
1,9456,9459,1.140700596203833,0.2281401192407666,0.0,-1.0,0.44739820744890313,107.5,1.4553863223050096,9459.0,25.386437429779246,9456.0
1,9473,9399,0.5200084267172537,0.10400168534345074,0.0,0.8103177573707284,0.338313332059672,107.5,10.257351913834643,9399.0,24.861562179482334,9473.0
1,9477,9400,0.6464231837585506,0.12928463675171012,0.0,0.8228192376765507,0.1602185862033796,107.5,6.204625861835082,9400.0,27.34413328384239,9477.0
1,9479,9401,0.7280966757987997,0.14561933515975994,0.0,0.7141672322652972,0.1514471412648667,107.5,11.879118033995034,9401.0,26.37731205663172,9479.0
1,9484,9468,2.2844796699081282,0.45689593398162565,0.0,0.6195654885946495,0.06653641754600316,107.5,32.01322997888934,9468.0,11.23584384070396,9484.0
1,9486,9404,0.9119497195091236,0.18238994390182472,0.0,0.7011830444915856,0.3618955602006719,107.5,14.773435154189094,9404.0,22.225606527134996,9486.0
1,9311,9367,1.3113452427064531,0.26226904854129063,0.0,0.560128494789164,0.04593676285918438,97.5,20.377100397832102,9367.0,12.061016673092041,9311.0
1,9447,9455,3.2086991220745924,0.6417398244149185,0.0,0.7830186442218783,0.1297845840887141,107.5,5.2275148189197385,9455.0,22.189921967849326,9447.0
1,9369,9502,0.7333534753845374,0.1466706950769075,0.0,0.7110371890032587,0.18465442997425197,102.5,10.487667935646781,9502.0,19.31530243748262,9369.0
1,9487,9458,1.7042939291141082,0.34085878582282164,0.0,0.6349893596653505,0.13857634478432246,107.5,11.628765675378693,9458.0,23.107850791617874,9487.0
1,9367,9497,0.5755283662011579,0.11510567324023158,0.0,0.7893387400307161,0.2487357127841731,102.5,20.922907525000124,9497.0,11.481309654935782,9367.0
1,9316,9352,3.429142305238147,0.6858284610476294,0.0,-1.0,0.16906711573090752,97.5,12.155144708990164,9352.0,23.689349038793054,9316.0
1,9314,9359,2.4977084965694396,0.4995416993138879,0.0,0.6420579029386295,0.04366147838931595,97.5,23.26193249470764,9359.0,16.04558728975993,9314.0
1,9316,9361,0.9248842010486857,0.18497684020973715,0.0,0.7234348391430859,0.6030850419594848,97.5,13.95238631574929,9361.0,22.63265737359157,9316.0
1,9323,9433,1.1954547859489935,0.2390909571897987,0.0,-1.0,0.3212324663023121,102.5,14.595115535373928,9433.0,15.890564641178333,9323.0
1,9331,9430,1.346081908991414,0.2692163817982828,0.0,0.8644425481833461,0.4411024347229784,102.5,14.792019856873518,9430.0,14.691971939112848,9331.0
1,9331,9496,3.937092395801408,0.7874184791602816,0.0,0.8749211244838432,0.29908244692951536,102.5,16.946345456520078,9496.0,13.301627793078993,9331.0
1,9333,9435,0.6391446879525876,0.12782893759051753,0.0,0.7539431672093886,0.20389870267886354,102.5,16.378208056064143,9435.0,19.531105345970737,9333.0
1,9367,9489,4.769328902989117,0.9538657805978235,0.0,-1.0,0.044004976872933727,102.5,22.807681735127204,9489.0,10.255321414403774,9367.0
1,9341,9508,0.8275415925731935,0.1655083185146387,0.0,-1.0,0.27722468543319356,102.5,6.622359515846657,9508.0,21.502932198305857,9341.0
1,9346,9501,0.99950415051933,0.199900830103866,0.0,-1.0,0.266360033716198,102.5,7.067207513040379,9501.0,19.95812675368188,9346.0
1,9337,9447,0.9931396400330119,0.1986279280066024,0.0,-1.0,0.25668812954656584,102.5,7.248838817542918,9447.0,22.255044280160227,9337.0
1,9348,9453,0.20276145567283502,0.040552291134567,0.0,0.6029038988951585,0.626488745542984,102.5,3.264013816356993,9453.0,24.73055419068993,9348.0
1,9361,9486,0.44554672449652283,0.08910934489930457,0.0,0.6454351649761392,0.36620576605944904,102.5,14.365993103781994,9486.0,22.434175550375343,9361.0
1,9347,9456,0.46225971219717066,0.09245194243943414,0.0,0.6320495135222458,0.49304514418220763,102.5,1.7996084486230601,9456.0,25.074513991998785,9347.0
1,9359,9490,0.5784350106854842,0.11568700213709684,0.0,-1.0,0.27532212536521855,102.5,24.305785783945247,9490.0,15.213090957125392,9359.0
1,9359,9484,7.650850835503572,1.5301701671007144,0.0,-1.0,0.018480451244432518,102.5,27.63985630581101,9484.0,13.487983729443377,9359.0
1,9360,9487,0.7003731880483725,0.14007463760967448,0.0,0.6854133819628911,0.15452254938270021,102.5,12.625536141363543,9487.0,22.547107717357644,9360.0
1,9352,9473,0.5404678560876139,0.10809357121752279,0.0,0.5526813698880432,0.19547450039405923,102.5,10.561729455525416,9473.0,24.685343612021477,9352.0
1,9349,9479,1.0575842556624442,0.21151685113248883,0.0,0.6370899596689266,0.204501090305759,102.5,11.09165343533892,9479.0,26.645368701729232,9349.0
1,9348,9503,3.452039112815321,0.6904078225630642,0.0,-1.0,0.20181126344563155,102.5,1.7308654278302222,9503.0,23.820612116828492,9348.0
1,9353,9477,0.07347620674273525,0.01469524134854705,0.0,0.3978898544493614,0.07861995583448915,102.5,6.426754714096843,9477.0,27.07394592618795,9353.0
2,9050,9113,0.37522820025348946,0.07504564005069789,0.0,0.5238492187439484,0.29054273058335933,57.5,31.93596931242498,9113.0,40.105037301535255,9050.0
2,9059,9112,0.33148328449869874,0.06629665689973975,0.0,0.5152575680032354,0.5002037228252089,57.5,30.785705146038033,9112.0,36.53335581630256,9059.0
2,9060,9101,2.591089456104224,0.5182178912208448,0.0,0.8484910240571379,0.42826116939583,57.5,32.81157267078571,9101.0,37.16249278295608,9060.0
2,9060,9083,1.3719258962887293,0.27438517925774586,0.0,0.8093591189733609,0.2920699108124352,57.5,32.87504161140858,9083.0,35.22922108551094,9060.0
2,9061,9063,0.13224493914166516,0.02644898782833303,0.0,0.37735602207780317,0.34377610190138747,52.5,30.899356247945377,9063.0,40.4882298765259,9061.0
2,9063,9114,2.4323678342134043,0.48647356684268084,0.0,0.6930587994086526,0.49674148275711094,57.5,31.073806562242666,9114.0,41.63965360094947,9063.0
2,9063,9093,1.4609181780505536,0.29218363561011074,0.0,0.7219184567726202,0.18350181360163234,57.5,30.904381940714714,9093.0,39.71581120942795,9063.0
2,9071,9049,0.39977596392105746,0.0799551927842115,0.0,0.49099282042939996,0.10819693354236785,52.5,31.863222464022314,9049.0,34.00673615604051,9071.0
2,9089,9134,0.24147713401383683,0.04829542680276737,0.0,0.44818143956376266,0.39903971135807914,67.5,31.4837864965156,9134.0,43.0084923714423,9089.0
2,9073,9060,0.04374578808830602,0.008749157617661204,0.0,0.3524817113089109,0.43741607964587387,52.5,32.66941037433555,9060.0,35.88652385865427,9073.0
2,9074,9050,0.15778303164410767,0.03155660632882153,0.0,0.3311475104334254,0.49127067827470494,52.5,31.8175771164942,9050.0,39.929271510198944,9074.0
2,9075,9147,0.5288050462272643,0.10576100924545287,0.0,0.7876607993954092,0.03454410535854484,67.5,33.7133781202199,9147.0,34.501677425693366,9075.0
2,9076,9149,0.47926685311283135,0.09585337062256627,0.0,0.42010073296690564,0.006279219166104387,67.5,31.223613055344416,9149.0,35.782034210928344,9076.0
2,9077,9115,0.15589863233632703,0.031179726467265405,0.0,0.362886872738606,0.03723630851160717,67.5,31.00229960180379,9115.0,38.634276296649105,9077.0
2,9078,9116,0.24429070139031342,0.048858140278062685,0.0,0.4002652119275276,0.05100644447967486,67.5,32.340430781827706,9116.0,40.14202124199602,9078.0
2,9083,9075,0.35597820352423204,0.07119564070484641,0.0,0.6249451652596483,0.23607531829898956,62.5,33.27812707887715,9075.0,34.571437247998205,9083.0
2,9088,9131,0.36146230357529563,0.07229246071505913,0.0,0.3858610064513983,0.49955209481122254,67.5,33.09093245513238,9131.0,38.54019979632524,9088.0
2,9093,9077,0.27888118631566927,0.055776237263133854,0.0,0.3559335074442459,0.001507590180601536,62.5,30.970207773662267,9077.0,38.84840897903146,9093.0
2,9072,9059,0.367203976534901,0.0734407953069802,0.0,0.6788865670685491,0.36350286018280176,52.5,30.748440627860834,9059.0,36.638216999747556,9072.0
2,9049,9111,0.1588930645326385,0.0317786129065277,0.0,0.45758372219237753,0.5091444118769527,57.5,31.86758658731246,9111.0,33.86545364024417,9049.0
2,9024,9137,0.2368752894048331,0.04737505788096662,0.0,0.31798265022701755,0.17030853187513656,32.5,30.972449061832812,9137.0,39.80679216878511,9024.0
2,9047,9036,0.17099363492124928,0.034198726984249854,0.0,0.35657509065442294,0.17396905414180658,42.5,31.553364039438694,9036.0,35.838636937458574,9047.0
2,9510,9434,1.1777224120630578,0.23554448241261156,0.0,0.597424641100405,0.5503914628077797,107.5,29.33804756068438,9434.0,38.93401295392306,9510.0
2,9099,9145,0.19889430567784544,0.03977886113556909,0.0,0.48115621601357017,0.04488343515119636,67.5,31.55224604749034,9145.0,33.82300604718982,9099.0
2,9004,9012,0.2795879849768814,0.05591759699537628,0.0,0.4875664167707048,0.1516022549930092,22.5,32.343081241258474,9012.0,36.86586356447877,9004.0
2,9005,9007,0.4100169450377701,0.08200338900755402,0.0,0.6214062942228031,0.5197609084499533,22.5,30.932145254631042,9007.0,39.8445051361979,9005.0
2,9006,9018,0.36898532245184024,0.07379706449036805,0.0,0.26670742102507217,0.07952635740122271,27.5,31.43931890811913,9018.0,36.68721026365478,9006.0
2,9007,9024,0.043322101676243584,0.008664420335248717,0.0,0.2873328734030073,0.511889895103713,27.5,31.04019797468529,9024.0,39.69152221109957,9007.0
2,9012,9023,1.369610718637902,0.2739221437275804,0.0,0.544302087846188,0.4474172977366285,27.5,32.54879172767246,9023.0,36.29328567243671,9012.0
2,9012,9025,1.7388607279106794,0.34777214558213587,0.0,0.5657644865386591,0.19242948977112506,27.5,32.246945880163295,9025.0,37.81728046239911,9012.0
2,9016,8994,0.526976007087976,0.1053952014175952,0.0,0.3703822218858538,0.0312395698666784,7.5,32.29074581932021,8994.0,36.681420191083994,9016.0
2,9048,9026,0.4516244449320657,0.09032488898641314,0.0,0.4058198589061378,0.06538261290849702,42.5,31.94407558649461,9026.0,39.859404134694486,9048.0
2,9017,8995,0.192190905385414,0.0384381810770828,0.0,0.3647771193083156,0.6093212883865105,7.5,31.002786071302584,8995.0,39.79495399729463,9017.0
2,9023,9133,0.09023530385819634,0.018047060771639267,0.0,0.2901227097665289,0.30946463157898096,32.5,32.61578187404231,9133.0,35.60921209318425,9023.0
2,9025,9140,0.47764771479723983,0.09552954295944796,0.0,0.3917020543134977,0.013327735028165436,32.5,31.98868818476275,9140.0,38.89459594556396,9025.0
2,9026,9074,0.22620289376263936,0.04524057875252787,0.0,0.24617249626262683,0.5481594450513544,47.5,31.877005625317686,9074.0,39.97009890206566,9026.0
2,9035,9073,0.2668610986468328,0.05337221972936655,0.0,0.2889116478836692,0.15798799478121564,47.5,32.66643612685003,9073.0,35.76446056064276,9035.0
2,9036,9071,1.6121031992002854,0.3224206398400571,0.0,0.6039555922252055,0.13016784173679272,47.5,31.72023360784046,9071.0,34.97908043529229,9036.0
2,9036,9072,1.2003444263979806,0.2400688852795961,0.0,0.7830621225511581,0.4347501229873574,47.5,31.19724530476344,9072.0,36.2658360395199,9036.0
2,9037,9061,0.029149571452700987,0.005829914290540197,0.0,0.2346482034320485,0.08532906523004533,47.5,30.956709068246276,9061.0,40.52002418060697,9037.0
2,9038,9035,0.06209677899445078,0.012419355798890155,0.0,0.28541037648604706,0.471659314465125,42.5,32.66173278569883,9035.0,35.60768769386097,9038.0
2,9039,9037,0.3714062103648675,0.0742812420729735,0.0,0.3781345936234105,0.11117570416454423,42.5,30.99301208299508,9037.0,40.32429967107929,9039.0
2,9018,9135,0.26415806977587986,0.05283161395517597,0.0,0.2877970541213932,0.03453347583011594,32.5,31.436847485776987,9135.0,36.37179492246531,9018.0
2,9003,9006,0.7861182876912185,0.1572236575382437,0.0,0.6390377476357203,0.07273188904873515,22.5,31.25235607212609,9006.0,37.22320988937706,9003.0
2,9148,9272,1.9442586970992026,0.3888517394198405,0.0,0.5763468896825408,0.17578204841512748,77.5,30.617165992193655,9272.0,39.5563602331965,9148.0
2,9111,9099,0.2905208223834837,0.05810416447669674,0.0,0.5890519998925541,0.5281702477889657,62.5,31.786312778428126,9099.0,33.88911258335052,9111.0
2,9173,9208,0.6407287157874423,0.12814574315748845,0.0,0.8380177417080984,0.13255961446153802,87.5,31.90579659945182,9208.0,31.654435265374786,9173.0
2,9174,9211,0.7518124991748638,0.15036249983497277,0.0,0.7108635305120389,0.032986024028443826,87.5,34.81519582258796,9211.0,31.831034540586856,9174.0
2,9175,9213,0.5515892125614411,0.11031784251228823,0.0,0.4427065201318947,0.0571971275610559,87.5,31.73571937247542,9213.0,36.18292658842416,9175.0
2,9184,9226,2.603297488694792,0.5206594977389585,0.0,0.5679063333207607,0.032897584121926456,87.5,33.70054543322314,9226.0,36.643698442777065,9184.0
2,9184,9214,2.316691890800408,0.4633383781600816,0.0,0.6128115741418143,0.6191271569861805,87.5,33.179646727617126,9214.0,39.04350672013007,9184.0
2,9185,9219,1.0119721701445967,0.20239443402891935,0.0,0.36875140477083157,0.07021957024983114,87.5,32.2441113815519,9219.0,44.312638384249595,9185.0
2,9187,9220,0.34401015499428017,0.06880203099885604,0.0,0.4026031071048254,0.36275699602073586,87.5,34.64711692327355,9220.0,36.54735261760605,9187.0
2,9190,9221,0.4902983375623028,0.09805966751246056,0.0,0.5974811498425718,0.09494678889599942,87.5,30.208494701100804,9221.0,40.77367958025698,9190.0
2,9193,9224,0.7936563756825298,0.15873127513650595,0.0,0.39998483039783717,0.06916263760339957,87.5,31.89422985849194,9224.0,46.75105606325246,9193.0
2,9199,9233,0.38975765143661284,0.07795153028732257,0.0,0.4420152092052796,0.16113360589766024,87.5,29.953053198218708,9233.0,35.24544545749157,9199.0
2,9200,9234,0.28282133664048204,0.056564267328096406,0.0,0.4850363551646001,0.4240592889268614,87.5,30.35100822970881,9234.0,37.04457327618556,9200.0
2,9201,9207,0.29351430207870094,0.05870286041574019,0.0,0.5743291922677817,0.19070852464755966,87.5,31.153454973771296,9207.0,41.96798230208384,9201.0
2,9203,9225,1.1040505890694832,0.22081011781389664,0.0,0.5493368009904448,0.009107311844094839,87.5,33.438268249717396,9225.0,33.68969038096636,9203.0
2,9207,9275,0.39164073574089736,0.07832814714817947,0.0,0.46733453198560815,0.3322544534463917,92.5,31.127634646819118,9275.0,41.735552789927624,9207.0
2,9208,9318,0.8013455198130481,0.16026910396260963,0.0,0.45864214176934326,0.16417072701262997,92.5,31.792065616639775,9318.0,31.002347451830108,9208.0
2,9210,9212,1.113509520566644,0.22270190411332882,0.0,0.7715754439467182,0.07618751315829533,87.5,32.45226268327649,9212.0,32.60887557789245,9210.0
2,9211,9321,0.9312120645401821,0.18624241290803642,0.0,-1.0,0.08517640957856285,92.5,35.30469948342974,9321.0,31.16977747842062,9211.0
2,8998,9005,0.9149896975240045,0.1829979395048009,0.0,0.5283208225724475,0.5672916366819358,17.5,30.865395992877453,9005.0,39.55081393985566,8998.0
2,9212,9320,1.333400390682364,0.26668007813647276,0.0,0.47462428815908486,0.04369904739749649,92.5,32.661335760884135,9320.0,31.410760282372863,9212.0
2,9172,9243,0.24642381804372823,0.049284763608745646,0.0,0.2939882212193403,0.004100071260852466,77.5,32.02275902013946,9243.0,32.64919423254008,9172.0
2,9163,9266,0.640722035486088,0.12814440709721758,0.0,0.2927314294082215,0.09197921363642295,77.5,31.50778987444521,9266.0,43.74130246324336,9163.0
2,9162,9265,0.19471376329247142,0.038942752658494284,0.0,0.4019661629072492,0.4451467946969491,77.5,33.216781208551524,9265.0,38.496966702744885,9162.0
2,9151,9289,0.6191255779621152,0.12382511559242304,0.0,0.33576600095088616,0.07860567150335107,77.5,32.506989291818144,9289.0,40.90024965157639,9151.0
2,9112,9076,0.5874273788950027,0.11748547577900055,0.0,0.5275023089172808,0.2830820394060957,62.5,31.04397138513421,9076.0,36.284148385191926,9112.0
2,9113,9078,0.13883839898617967,0.027767679797235933,0.0,0.31920049211242163,0.19757718243485628,62.5,32.15512679747458,9078.0,40.18457581354151,9113.0
2,9114,9089,0.2791229192854889,0.05582458385709778,0.0,0.2865696674795296,0.03769919429323226,62.5,31.348559253596584,9089.0,42.96500019862307,9114.0
2,9115,9148,0.1536066908653407,0.03072133817306814,0.0,0.3313307224277272,0.450913843704375,72.5,30.952692039311124,9148.0,38.59011760321823,9115.0
2,9116,9151,0.48074866502661834,0.09614973300532367,0.0,0.4394041517803783,0.35980504023196924,72.5,32.4387510847817,9151.0,40.365060683059916,9116.0
2,9131,9162,0.1444557050141723,0.028891141002834457,0.0,0.2991638285603254,0.6104666868535199,72.5,33.15345542381127,9162.0,38.450937386343455,9131.0
2,9133,9038,0.10985385921583818,0.021970771843167636,0.0,0.30164851731753284,0.5572402999871555,37.5,32.62559658292541,9038.0,35.591616259679384,9133.0
2,9134,9163,0.521993229973787,0.10439864599475741,0.0,0.4964372591479348,0.5232431875423907,72.5,31.50415791569793,9163.0,43.17509714123406,9134.0
2,9135,9047,0.36239039846925436,0.07247807969385087,0.0,0.2812179238317922,0.11568902046232747,37.5,31.50459767256119,9047.0,36.078940324716314,9135.0
2,9101,9088,0.24725964802738384,0.04945192960547677,0.0,0.31435025519068027,0.0066745599342075464,62.5,32.98482419990817,9088.0,38.570989125645866,9101.0
2,9137,9039,0.24491585507959573,0.04898317101591915,0.0,0.2766283347781828,0.16239244081635087,37.5,30.973329572078065,9039.0,40.028110579895674,9137.0
2,9142,9268,1.8681399339897835,0.3736279867979567,0.0,0.6880630243773869,0.1354425082257636,77.5,34.388849621324965,9268.0,35.45516145960353,9142.0
2,9142,9244,1.770334175551203,0.3540668351102406,0.0,0.8161886338430235,0.4211208880691425,77.5,34.20525958421678,9244.0,33.67453568034158,9142.0
2,9144,9282,0.26937548308036247,0.053875096616072496,0.0,0.2222866138751728,0.07027299961209843,77.5,30.248462463622992,9282.0,35.00974115386428,9144.0
2,9145,9144,1.5974129910924266,0.31948259821848535,0.0,0.6829183937394039,0.23453973437896333,72.5,30.884335892528227,9144.0,34.33613532391965,9145.0
2,9145,9172,1.1426053029409537,0.22852106058819074,0.0,0.6876842005072812,0.32481640459850325,72.5,31.7155562038798,9172.0,33.27204840687463,9145.0
2,9146,9284,0.128518000996647,0.0257036001993294,0.0,0.36602354403310045,0.38731026975244565,77.5,31.315050521368043,9284.0,35.412795244073735,9146.0
2,9147,9142,0.19885155825114345,0.03977031165022869,0.0,0.5356845115503788,0.16894068019488645,72.5,34.052047646852785,9142.0,34.49929067569389,9147.0
2,9148,9246,1.7318527526976248,0.346370550539525,0.0,0.6465189504262189,0.47615081320969654,77.5,31.215191513910632,9246.0,37.8216866059911,9148.0
2,9149,9146,0.15520307245466144,0.03104061449093229,0.0,0.4495226635875036,0.14797950973438392,72.5,31.279511051831413,9146.0,35.48574184155165,9149.0
2,9140,9048,0.5187215526702584,0.10374431053405168,0.0,0.3157585444535971,0.0835288039266873,37.5,31.954595040335768,9048.0,39.380782611629186,9140.0
2,8998,9003,1.5297952533648476,0.3059590506729695,0.0,0.5922063337397265,0.05349776104527067,17.5,31.002275728510078,9003.0,38.33631345339812,8998.0
2,9336,9445,2.784718612060196,0.5569437224120393,0.0,0.7191366522061433,0.6060992009914364,102.5,31.946461622526606,9445.0,47.02949094292447,9336.0
2,8995,8998,0.6143087776588018,0.12286175553176035,0.0,0.5020339081867851,0.09316795461163131,12.5,30.97909479370655,8998.0,39.400290907574515,8995.0
2,9289,9203,7.001843919788173,1.4003687839576346,0.0,-1.0,0.5456989564250897,82.5,32.999012890538,9203.0,37.718266987783124,9289.0
2,9289,9185,2.6565704846692055,0.5313140969338411,0.0,0.4677054833251185,0.0711675918397945,82.5,32.52156943702023,9185.0,42.52222862807347,9289.0
2,9297,9354,3.560175776198866,0.7120351552397732,0.0,0.3970309567720366,0.5972522463919956,97.5,31.592728206955712,9354.0,45.918198068261695,9297.0
2,9297,9340,9.303696178301692,1.8607392356603385,0.0,-1.0,0.007364967945556904,97.5,32.649635601395225,9340.0,39.59776057671554,9297.0
2,9302,9345,0.9828808455490761,0.1965761691098152,0.0,0.3172325838900806,0.3967239624576166,97.5,34.58981592724582,9345.0,37.117841344472914,9302.0
2,9305,9350,1.136400314507476,0.2272800629014952,0.0,0.6022075747755133,0.17934355984550768,97.5,30.13731030018944,9350.0,41.767529137531454,9305.0
2,9313,9467,1.16671063408968,0.233342126817936,0.0,0.8680366109243287,0.5375083401207678,102.5,35.863518329060156,9467.0,30.49661584901421,9313.0
2,9315,9415,0.6059883453882651,0.12119766907765302,0.0,0.47556259253719957,0.04832118374719972,102.5,30.11090544650427,9415.0,34.60856083384425,9315.0
2,9317,9418,0.19512483134152203,0.03902496626830441,0.0,0.42404875679042875,0.2975479690177572,102.5,28.776863517785838,9418.0,37.657448827188446,9317.0
2,9318,9338,1.5433010685075472,0.3086602137015094,0.0,0.6719480378668945,0.5571892206115187,97.5,31.467451609056997,9338.0,31.26870469129601,9318.0
2,9318,9362,1.492857653376226,0.29857153067524517,0.0,0.7442374074296851,0.002857100631370641,97.5,31.997459814183348,9362.0,29.873811124999285,9318.0
2,9319,9420,0.555840944298331,0.1111681888596662,0.0,0.43862383354578693,0.6176716586349583,102.5,33.04240401945925,9420.0,40.25633214102497,9319.0
2,9320,9364,0.6271236616763614,0.12542473233527227,0.0,0.45547648308446675,0.09215636233816579,97.5,32.78175222315039,9364.0,30.460598468308312,9320.0
2,9321,9313,0.19352568389264788,0.038705136778529575,0.0,0.4081315622169315,0.43983999490417247,97.5,35.65851161002141,9313.0,30.950689836782743,9321.0
2,9322,9363,1.8980514041688397,0.3796102808337679,0.0,0.560615384132672,0.06999327716358919,97.5,34.09899125945548,9363.0,29.38173148205183,9322.0
2,9324,9315,0.5889189567900632,0.11778379135801265,0.0,0.4755102986401474,0.4355991808721926,97.5,29.969265354975526,9315.0,35.18450022911796,9324.0
2,9324,9317,2.442139831118649,0.4884279662237298,0.0,0.6974869512839946,0.20396264326098296,97.5,29.366732300033647,9317.0,36.574697071454665,9324.0
2,9325,9378,2.2908282680496663,0.4581656536099333,0.0,0.5978060950881554,0.6091383733174671,97.5,29.99848121376899,9378.0,37.65115791011927,9325.0
2,9325,9342,1.2150365382035064,0.24300730764070128,0.0,0.4769161905252779,0.02575761605867674,97.5,30.685096376801873,9342.0,36.03852680800124,9325.0
2,9284,9200,1.9995564615401666,0.39991129230803335,0.0,0.5952777133205713,0.4167198344210541,82.5,30.90039639368871,9200.0,36.2895551735763,9284.0
2,9327,9336,0.9570930276382082,0.19141860552764164,0.0,0.4093222096348379,0.13875762460642993,97.5,31.79329761315149,9336.0,47.93492456404843,9327.0
2,9284,9210,2.4774126984781537,0.4954825396956307,0.0,0.7147345455121445,0.22458573375130375,82.5,31.900853260985155,9210.0,34.288385724988416,9284.0
2,9282,9199,0.08680683705499075,0.017361367410998148,0.0,0.3168279210152971,0.24563595341745756,82.5,30.14610888414127,9199.0,35.12582856452539,9282.0
2,9213,9281,0.6489225205248914,0.12978450410497827,0.0,0.33552910088679855,0.09138856248629262,92.5,31.892821080862312,9281.0,35.619663863955545,9213.0
2,9219,9297,0.5630941262887114,0.11261882525774228,0.0,0.549302350012574,0.5764771299813709,92.5,32.08496704963762,9297.0,44.49855248144836,9219.0
2,9220,9302,0.2088260786609127,0.041765215732182545,0.0,0.4485552374276677,0.4888381161680252,92.5,34.63209927876237,9302.0,36.660179029141304,9220.0
2,9221,9305,0.3009764425634805,0.0601952885126961,0.0,0.4369022193904505,0.25179450909521933,92.5,30.16764795695423,9305.0,41.0957245491453,9221.0
2,9224,9327,0.3646698756583161,0.07293397513166322,0.0,0.5873485602879611,0.10717142217946855,92.5,31.88752503963601,9327.0,47.31239462601994,9224.0
2,9225,9322,2.90305294324347,0.5806105886486941,0.0,0.6970703469852324,0.03609276814338229,92.5,33.835215862464395,9322.0,31.732491465571115,9225.0
2,9226,9329,1.3064389185491379,0.2612877837098276,0.0,0.5625543407422524,0.04902700400784972,92.5,34.16148696276606,9329.0,34.75737803524501,9226.0
2,9233,9324,0.10874689759163603,0.021749379518327207,0.0,0.3168503648425338,0.29554380896722526,92.5,29.833823512881075,9324.0,35.41482137421739,9233.0
2,9234,9325,0.3660558338839029,0.07321116677678058,0.0,0.28017405730938516,0.20631780975518965,92.5,30.36984942194285,9325.0,36.76222625704217,9234.0
2,9243,9173,0.6250844556670697,0.12501689113341394,0.0,0.6925131918351797,0.08201469241899655,82.5,32.08516122479525,9173.0,32.22539923351231,9243.0
2,9244,9174,0.7289800591663613,0.14579601183327226,0.0,-1.0,0.0969328549033503,82.5,34.4728580184563,9174.0,32.484695668077876,9244.0
2,9246,9175,0.591952034947922,0.1183904069895844,0.0,0.33334806680914986,0.016754921138495686,82.5,31.63843631057616,9175.0,36.74044502709613,9246.0
2,9265,9184,0.5790519545436266,0.11581039090872532,0.0,0.2693675295216684,0.2112172229119078,82.5,33.40408422054682,9184.0,38.20375429261351,9265.0
2,9266,9193,2.338715953677774,0.4677431907355548,0.0,0.5364384922521588,0.009039756649655705,82.5,31.770025516473282,9193.0,45.207498209188884,9266.0
2,9266,9201,2.040394195418175,0.408078839083635,0.0,0.4950108374086364,0.6144781609038156,82.5,31.429688292857094,9201.0,43.04471419265441,9266.0
2,9268,9187,0.13981991248132816,0.02796398249626563,0.0,0.44157562037961007,0.15484149618847542,82.5,34.70521189433394,9187.0,36.38825627165977,9268.0
2,9272,9190,0.07789855180810366,0.015579710361620733,0.0,0.4315213687084455,0.03359643912694132,82.5,30.347694601688872,9190.0,40.53032082021542,9272.0
2,9275,9368,0.9822142101601449,0.19644284203202897,0.0,0.5797677632776873,0.5678811145442542,97.5,31.105055681580993,9368.0,42.044421159785486,9275.0
2,9281,9365,0.14967566099791485,0.02993513219958297,0.0,0.26337872686707275,0.09377956521611128,97.5,32.04406933424468,9365.0,35.257279990192345,9281.0
2,9283,9319,0.632942384545134,0.1265884769090268,0.0,0.4901034087801519,0.5225146890024666,97.5,33.04061609934856,9319.0,40.21471297965255,9283.0
2,9329,9366,0.34440804770714484,0.06888160954142897,0.0,0.2445250295947623,0.04679923332385251,97.5,34.44668422224153,9366.0,33.986757918560144,9329.0
2,9336,9495,1.6022868494695361,0.3204573698939072,0.0,0.7346421319546672,0.00636207411923497,102.5,31.39497274301648,9495.0,49.15088333096317,9336.0
2,9338,9410,1.2067954162537662,0.24135908325075323,0.0,0.7006106150927005,0.5512675700117228,102.5,31.163396244281593,9410.0,31.332857394868697,9338.0
2,9445,9392,0.16173391360533107,0.03234678272106621,0.0,0.5228604484747694,0.4107787756585542,107.5,32.31903189872874,9392.0,45.72496488828688,9445.0
2,9451,9394,0.7775136321030913,0.15550272642061827,0.0,0.321190448784631,0.05132678355349418,107.5,34.005886407337556,9394.0,39.607736475950844,9451.0
2,9457,9407,1.1153826774498503,0.22307653548997006,0.0,0.5964959647229009,0.051465063067033655,107.5,32.1619321063729,9407.0,26.79109883284465,9457.0
2,9460,9397,0.9563937954741909,0.19127875909483819,0.0,0.2953966688946731,0.08841228228803723,107.5,30.192442872403706,9397.0,42.98712804554362,9460.0
2,9462,9406,1.5132972786457917,0.3026594557291583,0.0,0.5729506350173211,0.10203101767791722,107.5,32.925134358513105,9406.0,24.930558770306245,9462.0
2,9467,9385,2.811338699643914,0.5622677399287828,0.0,-1.0,0.04204863968276595,107.5,36.23760217601673,9385.0,28.552350511211323,9467.0
2,9467,9431,2.160779802293233,0.43215596045864657,0.0,0.5225796068848791,0.526399448375992,107.5,36.241031774227636,9431.0,31.011090294977038,9467.0
2,9469,9405,0.2017630896030953,0.04035261792061906,0.0,0.39811450087460043,0.15523415336558039,107.5,33.07705444490852,9405.0,22.81546550964443,9469.0
2,9471,9429,3.3439796365501353,0.668795927310027,0.0,0.6333975126231512,0.010017955644657116,107.5,32.84720294987784,9429.0,32.22464751087227,9471.0
2,9471,9461,1.9424835886984377,0.3884967177396875,0.0,0.5401407453176754,0.6255309809143039,107.5,32.131267834548524,9461.0,34.76865775143757,9471.0
2,9475,9388,2.3687157834806816,0.4737431566961363,0.0,0.5038421055496427,0.0068213403078607685,107.5,34.009967128011084,9388.0,31.790653866547537,9475.0
2,9488,9408,0.5555138907822209,0.11110277815644418,0.0,0.6532769049436303,0.049917698325778616,107.5,30.15341741826903,9408.0,47.28205078084414,9488.0
2,9493,9412,0.0619016152296965,0.0123803230459393,0.0,0.2806437175604666,0.11006111062437982,107.5,35.132291669349854,9412.0,35.10359569119587,9493.0
2,9495,9414,0.654032490584972,0.1308064981169944,0.0,0.5715799129957317,0.038503687581847475,107.5,30.998675494298116,9414.0,50.20255465464028,9495.0
2,8987,9004,0.21064467316275645,0.04212893463255129,0.0,0.26640533256843213,0.2062542886956486,17.5,32.25046245483901,9004.0,36.657437649750335,8987.0
2,9500,9419,0.8456740726687852,0.16913481453375706,0.0,0.3565570906209373,0.38943568981599763,107.5,31.149214878037085,9419.0,42.87265583299633,9500.0
2,8990,9017,1.2063588513983559,0.24127177027967117,0.0,0.5773975042778616,,2.5,31.204856914250623,9017.0,39.329310249927595,8990.0
2,8990,9016,1.9980712266753875,0.3996142453350775,0.0,0.6193299397597463,,2.5,31.796658973005,9016.0,37.84048653894804,8990.0
2,8994,8987,0.1972935849579373,0.03945871699158746,0.0,0.49298185464090005,0.5240289108274995,12.5,32.337704192424134,8987.0,36.50288072555533,8994.0
2,9420,9436,2.5003915911817516,0.5000783182363503,0.0,0.6192273166288713,0.5370949845973636,107.5,33.24727470066747,9436.0,41.2434433144089,9420.0
2,9420,9432,2.1704207345096354,0.4340841469019271,0.0,0.6542442992811421,0.05653426811373123,107.5,33.24184550062161,9432.0,38.91677629143109,9420.0
2,9418,9380,0.8924326435830678,0.17848652871661358,0.0,0.5998032131919981,0.3031377023271968,107.5,28.514333763972942,9380.0,38.03758202997065,9418.0
2,9417,9379,0.5671048886495208,0.11342097772990416,0.0,0.4220716884879454,0.5968364744141994,107.5,31.150445642529583,9379.0,34.69022101031048,9417.0
2,9340,9475,2.1091073464873134,0.42182146929746267,0.0,0.5714939518791224,0.03136544390267445,102.5,33.45310030263239,9475.0,33.958872395883056,9340.0
2,9342,9417,1.0989281576637335,0.21978563153274672,0.0,0.5297142571604554,0.027799768119275443,102.5,31.04271724015778,9417.0,34.94113151747348,9342.0
2,9345,9451,1.689177922843646,0.3378355845687292,0.0,0.5642764279600909,0.00812151618538481,102.5,34.225701450628435,9451.0,38.40303036756352,9345.0
2,9345,9493,2.5507274375774496,0.5101454875154899,0.0,0.5883070356147653,0.6208021286092624,102.5,34.776771022147805,9493.0,36.35595639887127,9345.0
2,9350,9460,0.22572410778789886,0.045144821557579776,0.0,0.3160294227310825,0.15720690570877602,102.5,30.073277079820812,9460.0,42.417238533960855,9350.0
2,9354,9488,0.6932886584094653,0.13865773168189305,0.0,0.7201551684113454,0.3097114412914457,102.5,30.72567106088615,9488.0,47.51961320800386,9354.0
2,9362,9457,1.8043199757340003,0.36086399514680007,0.0,0.7159980198631168,0.019973538807638833,102.5,32.1952025111809,9457.0,28.239175902591143,9362.0
2,9363,9509,0.9500096039956365,0.1900019207991273,0.0,0.6824441166206436,0.08411876850724173,102.5,34.15361095836508,9509.0,27.986631655732353,9363.0
2,9363,9469,5.6254845638309545,1.125096912766191,0.0,-1.0,0.010155354252851672,102.5,33.580890029240166,9469.0,25.656736369532837,9363.0
2,9509,9437,2.8089349790590643,0.5617869958118129,0.0,0.7750341658405598,0.04555396110135952,107.5,34.4330508079346,9437.0,26.137342926708833,9509.0
2,9364,9462,4.552570690355268,0.9105141380710536,0.0,0.8214319819380461,0.05961717745415494,102.5,32.97161452888194,9462.0,27.889935524475256,9364.0
2,9365,9471,1.393613711733569,0.2787227423467138,0.0,0.4516042487189621,0.04495888329025119,102.5,32.208974301075756,9471.0,34.50520432499306,9365.0
2,9366,9413,1.793172941463628,0.3586345882927256,0.0,0.5244996016162291,0.008438973451398464,102.5,34.66367431350276,9413.0,32.940357624666746,9366.0
2,9368,9500,0.1613737788030006,0.03227475576060012,0.0,0.3620364957358274,0.4538294658451081,102.5,31.05085548948543,9500.0,42.484652358362155,9368.0
2,9378,9510,0.33329855598815894,0.06665971119763178,0.0,0.428024418900838,0.5240678996680131,102.5,29.519938917714487,9510.0,38.534151614352126,9378.0
2,9409,9371,0.44936161744966524,0.08987232348993304,0.0,0.44994252493297626,0.08186127586147537,107.5,32.59102060865597,9371.0,29.710093020580736,9409.0
2,9410,9373,0.20145208105757723,0.04029041621151545,0.0,0.4042422591354372,0.02721927603599957,107.5,31.288723684036547,9373.0,30.640788553221512,9410.0
2,9413,9439,3.8507037041244208,0.7701407408248842,0.0,-1.0,0.0031896102265267087,107.5,35.22536003703203,9439.0,30.174963258331594,9413.0
2,9413,9374,0.9245665910608921,0.18491331821217843,0.0,0.4755195934703349,0.6068276471927964,107.5,34.8037830407307,9374.0,32.52350042178593,9413.0
2,9415,9377,0.5016568865976339,0.10033137731952677,0.0,0.41413830367112925,0.6178774863074432,107.5,30.13029056198358,9377.0,34.558037951393224,9415.0
2,9364,9409,0.2468934490391583,0.04937868980783166,0.0,0.7221968793532556,0.059202224645266255,102.5,32.66544309103578,9409.0,30.043367541823756,9364.0
2,9214,9283,0.36861809005142576,0.07372361801028515,0.0,0.5233102901180643,0.5138139271128301,92.5,33.001813346353316,9283.0,40.03608514529798,9214.0
